{
  "model_name": "BalancedRandomForest_2class_FULL_DATA",
  "best_params": {
    "classifier__max_depth": null,
    "classifier__min_samples_split": 2
  },
  "best_threshold": {
    "threshold": 0.3,
    "recall": 0.9730050605438741,
    "precision": 0.9353606944105897,
    "f1": 0.9538115916537734
  },
  "classification_report": {
    "0": {
      "precision": 0.8132706071213573,
      "recall": 0.6361686171233235,
      "f1-score": 0.7138998708263201,
      "support": 172011.0
    },
    "1": {
      "precision": 0.9353606944105897,
      "recall": 0.9730050605438741,
      "f1-score": 0.9538115916537734,
      "support": 930730.0
    },
    "accuracy": 0.9204636446817521,
    "macro avg": {
      "precision": 0.8743156507659735,
      "recall": 0.8045868388335988,
      "f1-score": 0.8338557312400467,
      "support": 1102741.0
    },
    "weighted avg": {
      "precision": 0.9163164782213774,
      "recall": 0.9204636446817521,
      "f1-score": 0.9163889738212533,
      "support": 1102741.0
    }
  },
  "confusion_matrix": [
    [
      109428,
      62583
    ],
    [
      25125,
      905605
    ]
  ],
  "confusion_matrix_percent": [
    [
      63.61686171233235,
      36.38313828766765
    ],
    [
      2.6994939456125837,
      97.30050605438741
    ]
  ]
}