{"BalancedRandomForest_2class_FULL_DATA": {"confusion_matrix": [[109428, 62583], [25125, 905605]], "confusion_matrix_percent": [[63.61686171233235, 36.38313828766765], [2.6994939456125837, 97.30050605438741]]}}